,uuid,label,rect_conf,dia_conf,dis_conf,warning,error
0,af326982-eaf5-44c1-92dd-13b6ab715c4d,non_visible_face,0.08552631578947369,0.10135135135135137,0.05714285714285714,True,True
0,858e3de8-a89c-47ae-b993-ef74f20087e5,non_visible_face,0.4011627906976744,0.18023255813953487,0.5067567567567568,True,False
