,uuid,label,rect_conf,dia_conf,dis_conf,warning,error
0,665c4b67-3600-4523-b780-340e55adcad4,traffic_control_sign,0.7692307692307692,0.5074626865671641,0.7169811320754716,False,False
0,e0294801-e987-4549-9bea-23d5b9a8622b,non_visible_face,0.4539473684210526,0.5147058823529412,0.5925925925925926,False,False
